{"23": {"23": 84636.72030328559, "25": 0.0, "26": 0.0, "27": 569.12299915753999, "28": 0.0, "29": 487.81971356360572, "30": 813.03285593934288, "31": 406.51642796967144, "32": 0.0, "33": 0.0, "34": 0.0, "35": 0.0, "36": 0.0, "37": 0.0, "38": 0.0, "39": 406.51642796967144, "40": 1056.9427127211457, "41": 0.0, "42": 0.0, "43": 0.0, "44": 10813.33698399326, "45": 1056.9427127211457, "46": 1138.24599831508, "47": 0.0, "48": 0.0, "49": 162.60657118786858, "50": 406.51642796967144, "51": 0.0, "52": 0.0, "53": 5609.9267059814656, "54": 6097.7464195450721}, "25": {"23": 0.0, "25": 133816.40721649484, "26": 0.0, "27": 0.0, "28": 0.0, "29": 0.0, "30": 0.0, "31": 0.0, "32": 0.0, "33": 4974.5876288659792, "34": 0.0, "35": 0.0, "36": 0.0, "37": 0.0, "38": 0.0, "39": 0.0, "40": 0.0, "41": 621.82345360824741, "42": 0.0, "43": 0.0, "44": 0.0, "45": 0.0, "46": 0.0, "47": 0.0, "48": 0.0, "49": 0.0, "50": 0.0, "51": 0.0, "52": 0.0, "53": 0.0, "54": 0.0}, "26": {"23": 588.00913937547602, "25": 220.50342726580351, "26": 106319.40251332826, "27": 882.01370906321404, "28": 0.0, "29": 551.25856816450869, "30": 294.00456968773801, "31": 2021.2814166031987, "32": 0.0, "33": 4152.8145468392995, "34": 73.501142421934503, "35": 882.01370906321404, "36": 0.0, "37": 0.0, "38": 0.0, "39": 330.75514089870524, "40": 0.0, "41": 441.00685453160702, "42": 0.0, "43": 330.75514089870524, "44": 367.50571210967252, "45": 0.0, "46": 441.00685453160702, "47": 0.0, "48": 0.0, "49": 0.0, "50": 110.25171363290175, "51": 147.00228484386901, "52": 0.0, "53": 294.00456968773801, "54": 2462.2882711348057}, "27": {"23": 311.97498936622713, "25": 0.0, "26": 41.049340706082518, "27": 92746.880391322833, "28": 8.2098681412165035, "29": 205.24670353041259, "30": 1666.6032326669501, "31": 0.0, "32": 0.0, "33": 0.0, "34": 197.03683538919609, "35": 180.61709910676308, "36": 0.0, "37": 0.0, "38": 0.0, "39": 402.28353891960865, "40": 106.72828583581455, "41": 0.0, "42": 0.0, "43": 41.049340706082518, "44": 0.0, "45": 0.0, "46": 730.67826456826879, "47": 0.0, "48": 0.0, "49": 123.14802211824755, "50": 32.839472564866014, "51": 837.4065504040833, "52": 0.0, "53": 41.049340706082518, "54": 3407.0952786048488}, "28": {"23": 0, "25": 0, "26": 0, "27": 0, "28": 0, "29": 0, "30": 0, "31": 0, "32": 0, "33": 0, "34": 0, "35": 0, "36": 0, "37": 0, "38": 0, "39": 0, "40": 0, "41": 0, "42": 0, "43": 0, "44": 0, "45": 0, "46": 0, "47": 0, "48": 0, "49": 0, "50": 0, "51": 0, "52": 0, "53": 0, "54": 0}, "29": {"23": 0.0, "25": 64.878655462184881, "26": 1005.6191596638656, "27": 0.0, "28": 48.658991596638657, "29": 98891.290588235293, "30": 97.317983193277314, "31": 1281.3534453781513, "32": 0.0, "33": 908.3011764705883, "34": 0.0, "35": 113.53764705882354, "36": 7996.2942857142862, "37": 0.0, "38": 0.0, "39": 0.0, "40": 0.0, "41": 210.85563025210084, "42": 64.878655462184881, "43": 0.0, "44": 64.878655462184881, "45": 0.0, "46": 632.56689075630254, "47": 32.43932773109244, "48": 0.0, "49": 0.0, "50": 1281.3534453781513, "51": 97.317983193277314, "52": 0.0, "53": 0.0, "54": 3179.0541176470588}, "30": {"23": 0.0, "25": 0.0, "26": 0.0, "27": 1340.375, "28": 0.0, "29": 0.0, "30": 0.0, "31": 0.0, "32": 0.0, "33": 0.0, "34": 0.0, "35": 0.0, "36": 0.0, "37": 0.0, "38": 0.0, "39": 0.0, "40": 0.0, "41": 0.0, "42": 0.0, "43": 0.0, "44": 0.0, "45": 0.0, "46": 0.0, "47": 0.0, "48": 0.0, "49": 0.0, "50": 0.0, "51": 0.0, "52": 0.0, "53": 0.0, "54": 0.0}, "31": {"23": 0.0, "25": 0.0, "26": 0.0, "27": 0.0, "28": 0.0, "29": 0.0, "30": 0.0, "31": 146222.72727272726, "32": 0.0, "33": 0.0, "34": 0.0, "35": 0.0, "36": 0.0, "37": 0.0, "38": 0.0, "39": 0.0, "40": 0.0, "41": 0.0, "42": 0.0, "43": 0.0, "44": 0.0, "45": 0.0, "46": 0.0, "47": 0.0, "48": 0.0, "49": 0.0, "50": 0.0, "51": 0.0, "52": 0.0, "53": 0.0, "54": 0.0}, "32": {"23": 0, "25": 0, "26": 0, "27": 0, "28": 0, "29": 0, "30": 0, "31": 0, "32": 0, "33": 0, "34": 0, "35": 0, "36": 0, "37": 0, "38": 0, "39": 0, "40": 0, "41": 0, "42": 0, "43": 0, "44": 0, "45": 0, "46": 0, "47": 0, "48": 0, "49": 0, "50": 0, "51": 0, "52": 0, "53": 0, "54": 0}, "33": {"23": 0.0, "25": 0.0, "26": 1554.5513227513227, "27": 119.14444444444443, "28": 0.0, "29": 805.6433862433862, "30": 470.90423280423278, "31": 198.57407407407408, "32": 323.39206349206347, "33": 135535.31587301588, "34": 62.408994708994705, "35": 102.12380952380951, "36": 0.0, "37": 1344.6301587301587, "38": 0.0, "39": 221.26825396825396, "40": 0.0, "41": 187.22698412698412, "42": 329.06560846560842, "43": 0.0, "44": 2677.9132275132274, "45": 0.0, "46": 862.37883597883592, "47": 289.35079365079366, "48": 0.0, "49": 618.41640211640208, "50": 0.0, "51": 0.0, "52": 0.0, "53": 0.0, "54": 641.11058201058199}, "34": {"23": 0, "25": 0, "26": 0, "27": 0, "28": 0, "29": 0, "30": 0, "31": 0, "32": 0, "33": 0, "34": 0, "35": 0, "36": 0, "37": 0, "38": 0, "39": 0, "40": 0, "41": 0, "42": 0, "43": 0, "44": 0, "45": 0, "46": 0, "47": 0, "48": 0, "49": 0, "50": 0, "51": 0, "52": 0, "53": 0, "54": 0}, "35": {"23": 0.0, "25": 0.0, "26": 28031.966740576496, "27": 1711.8758314855877, "28": 0.0, "29": 11555.161862527717, "30": 1711.8758314855877, "31": 0.0, "32": 12839.068736141908, "33": 222329.8736141907, "34": 0.0, "35": 5991.5654101995569, "36": 0.0, "37": 13908.991130820399, "38": 0.0, "39": 0.0, "40": 213.98447893569846, "41": 0.0, "42": 0.0, "43": 0.0, "44": 0.0, "45": 0.0, "46": 0.0, "47": 0.0, "48": 0.0, "49": 0.0, "50": 0.0, "51": 0.0, "52": 0.0, "53": 0.0, "54": 2995.7827050997785}, "36": {"23": 0.0, "25": 0.0, "26": 0.0, "27": 0.0, "28": 0.0, "29": 3608.4558472553699, "30": 0.0, "31": 153.55131264916466, "32": 76.775656324582329, "33": 11669.899761336515, "34": 0.0, "35": 0.0, "36": 118695.16467780429, "37": 0.0, "38": 0.0, "39": 230.326968973747, "40": 0.0, "41": 3531.6801909307874, "42": 0.0, "43": 0.0, "44": 0.0, "45": 0.0, "46": 0.0, "47": 0.0, "48": 0.0, "49": 0.0, "50": 0.0, "51": 0.0, "52": 230.326968973747, "53": 0.0, "54": 0.0}, "37": {"23": 0.0, "25": 0.0, "26": 0.0, "27": 1300.2440119760479, "28": 0.0, "29": 0.0, "30": 1300.2440119760479, "31": 0.0, "32": 0.0, "33": 31061.384730538921, "34": 0.0, "35": 0.0, "36": 0.0, "37": 71802.363772455094, "38": 0.0, "39": 0.0, "40": 0.0, "41": 288.94311377245509, "42": 0.0, "43": 0.0, "44": 722.3577844311377, "45": 0.0, "46": 0.0, "47": 0.0, "48": 0.0, "49": 0.0, "50": 0.0, "51": 0.0, "52": 0.0, "53": 0.0, "54": 0.0}, "38": {"23": 0.0, "25": 0.0, "26": 0.0, "27": 0.0, "28": 0.0, "29": 0.0, "30": 0.0, "31": 0.0, "32": 0.0, "33": 0.0, "34": 0.0, "35": 0.0, "36": 0.0, "37": 0.0, "38": 58576.388059701487, "39": 0.0, "40": 0.0, "41": 0.0, "42": 0.0, "43": 0.0, "44": 0.0, "45": 0.0, "46": 0.0, "47": 0.0, "48": 0.0, "49": 0.0, "50": 0.0, "51": 0.0, "52": 0.0, "53": 0.0, "54": 0.0}, "39": {"23": 59.301339560034407, "25": 0.0, "26": 1743.4593830650117, "27": 3142.9709966818236, "28": 71.161607472041297, "29": 94.882143296055062, "30": 1150.4459874646675, "31": 0.0, "32": 0.0, "33": 237.20535824013763, "34": 901.38036131252306, "35": 1043.7035762566056, "36": 0.0, "37": 0.0, "38": 94.882143296055062, "39": 77139.182499692761, "40": 260.92589406415141, "41": 0.0, "42": 59.301339560034407, "43": 11457.018802998648, "44": 391.38884109622711, "45": 0.0, "46": 1091.1446479046331, "47": 0.0, "48": 7187.3223546761701, "49": 2158.5687599852527, "50": 0.0, "51": 201.62455450411699, "52": 4376.438859530539, "53": 0.0, "54": 8800.3187907091069}, "40": {"23": 0.0, "25": 0.0, "26": 0.0, "27": 1801.8644143142919, "28": 0.0, "29": 0.0, "30": 1758.9628806401422, "31": 0.0, "32": 0.0, "33": 0.0, "34": 0.0, "35": 128.70460102244942, "36": 0.0, "37": 0.0, "38": 42.90153367414981, "39": 13921.547677261613, "40": 64116.342076016888, "41": 0.0, "42": 0.0, "43": 6156.370082240498, "44": 0.0, "45": 0.0, "46": 42.90153367414981, "47": 0.0, "48": 0.0, "49": 278.85996888197377, "50": 42.90153367414981, "51": 0.0, "52": 0.0, "53": 0.0, "54": 11669.217159368749}, "41": {"23": 0.0, "25": 0.0, "26": 643.38, "27": 643.38, "28": 0.0,